[
  {
    "model": "products.category",
    "pk": 1,
    "fields": {
      "name": "Default",
      "slug": "default",
      "description": "",
      "parent": null,
      "created_at": "2025-01-01T00:00:00Z",
      "updated_at": "2025-01-01T00:00:00Z"
    }
  },
  {
    "model": "products.category",
    "pk": 2,
    "fields": {
      "name": "Hops",
      "slug": "hops",
      "description": "Aromatic and bittering hops for brewing.",
      "parent": null,
      "created_at": "2025-01-01T00:00:00Z",
      "updated_at": "2025-01-01T00:00:00Z"
    }
  },
  {
    "model": "products.category",
    "pk": 3,
    "fields": {
      "name": "Malt",
      "slug": "malt",
      "description": "Base malts and specialty grains.",
      "parent": null,
      "created_at": "2025-01-01T00:00:00Z",
      "updated_at": "2025-01-01T00:00:00Z"
    }
  },
  {
    "model": "products.category",
    "pk": 4,
    "fields": {
      "name": "Yeast",
      "slug": "yeast",
      "description": "Dry and liquid brewer's yeast.",
      "parent": null,
      "created_at": "2025-01-01T00:00:00Z",
      "updated_at": "2025-01-01T00:00:00Z"
    }
  },
  {
    "model": "products.category",
    "pk": 5,
    "fields": {
      "name": "Kits",
      "slug": "kits",
      "description": "All-grain and extract beer kits.",
      "parent": null,
      "created_at": "2025-01-01T00:00:00Z",
      "updated_at": "2025-01-01T00:00:00Z"
    }
  },
  {
    "model": "products.product",
    "pk": 1,
    "fields": {
      "name": "Citra Hops",
      "slug": "citra-hops",
      "unit": "1 lb",
      "description": "<p>Ideal for IPAs and Pale Ales.</p><p>Citra is one of the most sought-after and recognizable hop varieties in the world of craft brewing, famous for its bright and multifaceted citrus aroma. Developed in the USA, this variety is ideal for IPAs, Pale Ales, and other styles where a distinct fruity profile is desired.</p><p>Citra boasts a high alpha acid content, making it excellent for both bitterness and intense aroma. It imparts notes of grapefruit, lime, passion fruit, lychee, and melon to beer, creating a unique tropical bouquet.</p><p>Our T-90 pellets are hermetically sealed to preserve freshness and maximum aromatics.</p>",
      "short_description": "IPAs and Pale Ales",
      "price": "5.99",
      "old_price": "6.00",
      "image": "products/citra_hops.jpg",
      "is_active": true,
      "stock": 66,
      "category": 2,
      "created_at": "2025-01-01T00:00:00Z",
      "updated_at": "2025-01-01T00:00:00Z"
    }
  },
  {
    "model": "products.product",
    "pk": 2,
    "fields": {
      "name": "Maris Otter Pale Malt",
      "slug": "maris-otter-pale-malt",
      "unit": "1 lb",
      "description": "<p>Maris Otter Pale Malt is the cornerstone of British brewing heritage, a revered base malt prized by brewers worldwide for its exceptional quality and flavor.</p><p>It provides a rich, slightly sweet, and biscuity malt backbone that is more complex than standard 2-row malts, with subtle nutty undertones that enhance any beer style. Perfect for creating authentic British ales such as Bitters, IPAs, Porters, and Stouts.</p><p>Its excellent processing characteristics and high extract yield make it a reliable and efficient choice for both novice and experienced brewers.</p>",
      "short_description": "Traditional ales",
      "price": "2.50",
      "old_price": "3.50",
      "image": "products/maris_otter_malt.jpg",
      "is_active": true,
      "stock": 15,
      "category": 3,
      "created_at": "2025-01-01T00:00:00Z",
      "updated_at": "2025-01-01T00:00:00Z"
    }
  },
  {
    "model": "products.product",
    "pk": 3,
    "fields": {
      "name": "SafAle US-05 Dry Ale Yeast",
      "slug": "safale-us05-dry-ale-yeast",
      "unit": "1 lb",
      "description": "<p>SafAle US-05 is the most famous and popular American ale yeast in the world. This strain is renowned for its ability to produce clean, crisp beers with a neutral flavor profile, allowing the hop and malt character to shine through.</p><p>With its high attenuation and high flocculation, US-05 is ideal for a wide range of American ale styles, from West Coast IPAs to American Pale Ales and Cream Ales. It forms a firm sediment, making racking and clarification easier.</p><p>Reliable, easy to use, and available in a dry format, this yeast is the number one choice for brewers seeking consistent and predictable results.</p>",
      "short_description": "American ale",
      "price": "3.25",
      "old_price": "5.25",
      "image": "products/safale_us05_yeast.jpg",
      "is_active": true,
      "stock": 40,
      "category": 4,
      "created_at": "2025-01-01T00:00:00Z",
      "updated_at": "2025-01-01T00:00:00Z"
    }
  },
  {
    "model": "products.product",
    "pk": 4,
    "fields": {
      "name": "Cascade Hops",
      "slug": "cascade-hops",
      "unit": "1 lb",
      "description": "<p>Cascade is arguably the most famous hop in the American craft brewing revolution. Developed in Oregon, it has a unique floral and citrus character that defined the taste of the classic American Pale Ale.</p><p>Its moderate bitterness and vibrant aroma, with notes of grapefruit, orange, and light floral undertones, make it incredibly versatile. Cascade is excellent for both bittering and late kettle additions or for dry hopping.</p><p>This hop is a reliable choice for brewers looking to create a refreshing, balanced, and recognizable ale.</p>",
      "short_description": "Dry hopping",
      "price": "7.49",
      "old_price": "8.49",
      "image": "products/cascade_hops.jpg",
      "is_active": true,
      "stock": 7,
      "category": 2,
      "created_at": "2025-01-01T00:00:00Z",
      "updated_at": "2025-01-01T00:00:00Z"
    }
  },
   {
    "model": "products.product",
    "pk": 5,
    "fields": {
      "name": "Caramel Malt 60L",
      "slug": "caramel-malt-60l",
      "unit": "1 lb",
      "description": "<p>Caramel Malt 60L (also known as Crystal 60L) is a versatile specialty malt that is a secret weapon for many brewers to enhance beer color, flavor, and body. It imparts a beautiful copper-amber hue to the brew.</p><p>The flavor of this malt is characterized by distinct notes of caramel, toffee, and light hints of toasted bread. It adds a pleasant sweetness to the beer that beautifully balances hop bitterness and also contributes to improved head retention.</p><p>Caramel Malt 60L is ideal for a wide range of styles, from Pale Ales and Amber Ales to Porters and Stouts, adding complexity and depth.</p>",
      "short_description": "Darker beers",
      "price": "3.00",
      "old_price": "5.00",
      "image": "products/caramel_malt.jpg",
      "is_active": true,
      "stock": 1,
      "category": 3,
      "created_at": "2025-01-01T00:00:00Z",
      "updated_at": "2025-01-01T00:00:00Z"
    }
  },
  {
    "model": "products.product",
    "pk": 6,
    "fields": {
      "name": "Saaz Hops",
      "slug": "saaz-hops",
      "unit": "1 lb",
      "description": "<p>Saaz is a noble hop, the heart and soul of classic Bohemian and Czech pilsners. Grown in the Žatec region of the Czech Republic, it possesses a delicate and refined aromatic profile that is unmistakable.</p><p>Its aroma is characterized by soft, spicy, herbal, and floral notes. Saaz is primarily used for aroma rather than bitterness, as its alpha acid content is low. It imparts a classic European elegance and clean taste to the beer.</p><p>If you aim to brew an authentic Czech pilsner, European lager, or Belgian ale, Saaz is an indispensable ingredient.</p>",
      "short_description": "Essential for Lagers",
      "price": "4.75",
      "old_price": "6.75",
      "image": "products/saaz_hops.jpg",
      "is_active": true,
      "stock": 4,
      "category": 2,
      "created_at": "2025-01-01T00:00:00Z",
      "updated_at": "2025-01-01T00:00:00Z"
    }
  },
  {
    "model": "products.product",
    "pk": 7,
    "fields": {
      "name": "Pilsner Malt",
      "slug": "pilsner-malt",
      "unit": "1 lb",
      "description": "<p>Pilsner Malt is the lightest base malt, forming the foundation for classic German and Czech pilsners, as well as a multitude of other light lagers and ales. It is produced from high-quality two-row barley and undergoes gentle kilning at low temperatures.</p><p>This malt imparts a very light, straw-like color and a clean, slightly sweet, grainy flavor to the beer. Its neutral character allows the aroma of hops and the work of the yeast to fully express themselves, making it an ideal base for beers where purity and crispness are paramount.</p><p>Thanks to its high enzymatic activity, Pilsner Malt is excellent for mashes with a large proportion of unmalted grains.</p>",
      "short_description": "Lagers and pilsners",
      "price": "2.20",
      "old_price": "3.20",
      "image": "products/pilsner_malt.jpg",
      "is_active": true,
      "stock": 0,
      "category": 3,
      "created_at": "2025-01-01T00:00:00Z",
      "updated_at": "2025-01-01T00:00:00Z"
    }
  },
  {
    "model": "products.product",
    "pk": 8,
    "fields": {
      "name": "Imperial Organic Yeast A07",
      "slug": "imperial-organic-yeast-a07",
      "unit": "1 lb",
      "description": "<p>Imperial Organic Yeast A07 'Flagship' is a versatile and extremely popular liquid yeast, known for its ability to create balanced ales with a light fruity character. This strain is a true workhorse and is perfect for most American beer styles.</p><p>'Flagship' provides a clean fermentation with light ester notes of citrus and stone fruit that complement, rather than overpower, the hop and malt profile. It has good attenuation and moderate flocculation, leaving behind a soft and smooth mouthfeel.</p><p>Thanks to the high cell count per package (200 billion), this yeast does not require a starter for most standard batches of beer, making it a convenient and reliable choice.</p>",
      "short_description": "American ales",
      "price": "8.99",
      "old_price": "9.99",
      "image": "products/imperial_yeast.jpg",
      "is_active": true,
      "stock": 5,
      "category": 4,
      "created_at": "2025-01-01T00:00:00Z",
      "updated_at": "2025-01-01T00:00:00Z"
    }
  },
   {
    "model": "products.product",
    "pk": 9,
    "fields": {
      "name": "Centennial Hops",
      "slug": "centennial-hops",
      "unit": "1 lb",
      "description": "<p>Centennial is a classic American hop often referred to as 'Super Cascade' due to its similar citrus profile but with a higher intensity and alpha acid content. It is one of the 'Three Cs' (along with Cascade and Columbus) that defined the flavor of American IPAs.</p><p>The aroma of Centennial is powerful, with bright notes of lemon, grapefruit, and pronounced floral undertones. Unlike Cascade, it is less spicy and more clean in its citrus expression. Thanks to its high alpha acid content, it is excellent for both bittering and creating an intense aroma.</p><p>This is an extremely versatile hop, perfect for American Pale Ales, IPAs, and Double IPAs, giving them a bright and recognizable character.</p>",
      "short_description": "Super Cascade",
      "price": "6.20",
      "old_price": "7.20",
      "image": "products/centennial_hops.jpg",
      "is_active": true,
      "stock": 10,
      "category": 2,
      "created_at": "2025-01-01T00:00:00Z",
      "updated_at": "2025-01-01T00:00:00Z"
    }
  },
  {
    "model": "products.product",
    "pk": 10,
    "fields": {
      "name": "Mosaic Hops",
      "slug": "mosaic-hops",
      "unit": "1 lb",
      "description": "<p>Mosaic is one of the most vibrant and multifaceted hops on the modern craft scene. As a daughter of Simcoe, it inherited the best from its lineage and added a unique palette of aromas, making it a true aromatic bomb.</p><p>The name 'Mosaic' fully reflects its nature: it creates a complex blend of tropical fruits (mango, guava), citrus (tangerine), berries (blueberry), stone fruits (peach), and subtle pine and earthy tones.</p><p>This hop is ideal for dry hopping in IPA and Pale Ale styles, where it can unleash its full potential, creating a juicy, vibrant, and unforgettable beer.</p>",
      "short_description": "Modern hoppy beers",
      "price": "9.50",
      "old_price": "10.50",
      "image": "products/mosaic_hops.jpg",
      "is_active": true,
      "stock": 10,
      "category": 2,
      "created_at": "2025-01-01T00:00:00Z",
      "updated_at": "2025-01-01T00:00:00Z"
    }
  },
  {
    "model": "products.product",
    "pk": 11,
    "fields": {
      "name": "West Coast IPA – All-Grain Kit",
      "slug": "west-coast-ipa-kit",
      "unit": "1 lb",
      "description": "<p>Brew a craft brewing classic with our 'West Coast IPA – All-Grain Kit'! This kit contains all the necessary ingredients to create a bright, bitter, and incredibly aromatic IPA in the style of the US West Coast.</p><p>We've selected the perfect combination of malts to achieve a clean, dry body that serves as an excellent base for a hop explosion. The kit includes a powerful combination of Centennial, Simcoe, and Columbus hops, which provide a burst of citrus, pine, and resinous notes characteristic of this style.</p><p>This kit is your ticket to the world of true West Coast IPA. It comes with detailed step-by-step instructions to guide you through every stage, from mashing to bottling.</p>",
      "short_description": "West Coast IPA kit",
      "price": "60.00",
      "old_price": "70.00",
      "image": "products/ipa_kit.jpg",
      "is_active": true,
      "stock": 10,
      "category": 5,
      "created_at": "2025-01-01T00:00:00Z",
      "updated_at": "2025-01-01T00:00:00Z"
    }
  },
  {
    "model": "products.product",
    "pk": 12,
    "fields": {
      "name": "Unmalted Wheat",
      "slug": "unmalted-wheat",
      "unit": "1 lb",
      "description": "<p>Unmalted wheat is the secret ingredient behind the classic hazy, refreshing character of Belgian Witbier. Unlike malted wheat, this is raw, unprocessed grain that imparts a unique texture and flavor to the beer.</p><p>Using unmalted wheat provides the beer with its characteristic light haze, a smooth, silky body, and a subtle, bready-grainy flavor that doesn't overpower the delicate notes of coriander and orange peel. The high protein content of this grain also contributes to a dense and persistent head.</p><p>This ingredient is a must-have for any brewer aiming to recreate an authentic Belgian Witbier or to add complexity and body to other styles, such as Lambics.</p>",
      "short_description": "Belgian Witbier",
      "price": "1.80",
      "old_price": "2.00",
      "image": "products/unmalted_wheat.jpg",
      "is_active": true,
      "stock": 110,
      "category": 3,
      "created_at": "2025-01-01T00:00:00Z",
      "updated_at": "2025-01-01T00:00:00Z"
    }
  },
  {
    "model": "products.productspecification",
    "pk": 1,
    "fields": {
      "product": 1,
      "name": "Origin",
      "value": "USA"
    }
  },
  {
    "model": "products.productspecification",
    "pk": 2,
    "fields": {
      "product": 1,
      "name": "Type",
      "value": "Aroma (Dual-Purpose)"
    }
  },
  {
    "model": "products.productspecification",
    "pk": 3,
    "fields": {
      "product": 1,
      "name": "Alpha Acids",
      "value": "11.0% – 13.0%"
    }
  },
  {
    "model": "products.productspecification",
    "pk": 4,
    "fields": {
      "product": 1,
      "name": "Beta Acids",
      "value": "3.0% – 4.5%"
    }
  },
  {
    "model": "products.productspecification",
    "pk": 5,
    "fields": {
      "product": 1,
      "name": "Aroma Profile",
      "value": "Grapefruit, Lime, Passion Fruit, Lychee, Melon"
    }
  },
  {
    "model": "products.productspecification",
    "pk": 6,
    "fields": {
      "product": 1,
      "name": "Usage",
      "value": "Late Kettle Addition, Dry Hopping"
    }
  },
  {
    "model": "products.productspecification",
    "pk": 7,
    "fields": {
      "product": 1,
      "name": "Recommended Beer Styles",
      "value": "IPA, Double IPA, Pale Ale, American Wheat"
    }
  },
  {
    "model": "products.productspecification",
    "pk": 20,
    "fields": {
      "product": 2,
      "name": "Origin",
      "value": "United Kingdom"
    }
  },
  {
    "model": "products.productspecification",
    "pk": 21,
    "fields": {
      "product": 2,
      "name": "Type",
      "value": "Base Malt"
    }
  },
  {
    "model": "products.productspecification",
    "pk": 22,
    "fields": {
      "product": 2,
      "name": "Color (°L)",
      "value": "2.5 – 4.0 °L"
    }
  },
  {
    "model": "products.productspecification",
    "pk": 23,
    "fields": {
      "product": 2,
      "name": "Moisture",
      "value": "4.0% max"
    }
  },
  {
    "model": "products.productspecification",
    "pk": 24,
    "fields": {
      "product": 2,
      "name": "Protein",
      "value": "9.5% – 10.5%"
    }
  },
  {
    "model": "products.productspecification",
    "pk": 25,
    "fields": {
      "product": 2,
      "name": "Diastatic Power",
      "value": "≈ 120 °Lintner"
    }
  },
  {
    "model": "products.productspecification",
    "pk": 26,
    "fields": {
      "product": 2,
      "name": "Usage",
      "value": "Up to 100% of the grist"
    }
  },
  {
    "model": "products.productspecification",
    "pk": 27,
    "fields": {
      "product": 2,
      "name": "Recommended Beer Styles",
      "value": "English Pale Ale, ESB, Bitter, Porter, Stout, Mild Ale"
    }
  },
  {
    "model": "products.productspecification",
    "pk": 400,
    "fields": {
      "product": 3,
      "name": "Origin",
      "value": "USA"
    }
  },
  {
    "model": "products.productspecification",
    "pk": 401,
    "fields": {
      "product": 3,
      "name": "Type",
      "value": "Dry Ale Yeast"
    }
  },
  {
    "model": "products.productspecification",
    "pk": 402,
    "fields": {
      "product": 3,
      "name": "Attenuation",
      "value": "78–82%"
    }
  },
  {
    "model": "products.productspecification",
    "pk": 403,
    "fields": {
      "product": 3,
      "name": "Flocculation",
      "value": "Medium to High"
    }
  },
  {
    "model": "products.productspecification",
    "pk": 404,
    "fields": {
      "product": 3,
      "name": "Alcohol Tolerance",
      "value": "9–11% ABV"
    }
  },
  {
    "model": "products.productspecification",
    "pk": 405,
    "fields": {
      "product": 3,
      "name": "Fermentation Temperature",
      "value": "59–75°F (15–24°C)"
    }
  },
  {
    "model": "products.productspecification",
    "pk": 406,
    "fields": {
      "product": 3,
      "name": "Pitching Rate",
      "value": "11.5g sachet for 5–6 gallons"
    }
  },
  {
    "model": "products.productspecification",
    "pk": 407,
    "fields": {
      "product": 3,
      "name": "Recommended Beer Styles",
      "value": "American Pale Ale, IPA, Brown Ale, Porter, Stout, American Wheat"
    }
  },
  {
    "model": "products.productspecification",
    "pk": 100,
    "fields": {
      "product": 4,
      "name": "Origin",
      "value": "USA"
    }
  },
  {
    "model": "products.productspecification",
    "pk": 101,
    "fields": {
      "product": 4,
      "name": "Type",
      "value": "Aroma (Dual-Purpose)"
    }
  },
  {
    "model": "products.productspecification",
    "pk": 102,
    "fields": {
      "product": 4,
      "name": "Alpha Acids",
      "value": "4.5% – 7.0%"
    }
  },
  {
    "model": "products.productspecification",
    "pk": 103,
    "fields": {
      "product": 4,
      "name": "Beta Acids",
      "value": "4.5% – 7.0%"
    }
  },
  {
    "model": "products.productspecification",
    "pk": 104,
    "fields": {
      "product": 4,
      "name": "Aroma Profile",
      "value": "Floral, citrus (grapefruit), spicy"
    }
  },
  {
    "model": "products.productspecification",
    "pk": 105,
    "fields": {
      "product": 4,
      "name": "Cohumulone",
      "value": "33% – 40%"
    }
  },
  {
    "model": "products.productspecification",
    "pk": 106,
    "fields": {
      "product": 4,
      "name": "Total Oil",
      "value": "0.8 – 1.5 mL/100g"
    }
  },
  {
    "model": "products.productspecification",
    "pk": 107,
    "fields": {
      "product": 4,
      "name": "Recommended Beer Styles",
      "value": "APA, IPA, Porter, Barleywine, Witbier"
    }
  },
  {
    "model": "products.productspecification",
    "pk": 39,
    "fields": {
      "product": 8,
      "name": "Strain Type",
      "value": "Ale"
    }
  },
  {
    "model": "products.productspecification",
    "pk": 40,
    "fields": {
      "product": 8,
      "name": "Flocculation",
      "value": "Medium"
    }
  },
  {
    "model": "products.productspecification",
    "pk": 41,
    "fields": {
      "product": 8,
      "name": "Attenuation",
      "value": "73–77%"
    }
  },
  {
    "model": "products.productspecification",
    "pk": 42,
    "fields": {
      "product": 8,
      "name": "Temperature Range",
      "value": "62–72°F (17–22°C)"
    }
  },
  {
    "model": "products.productspecification",
    "pk": 43,
    "fields": {
      "product": 8,
      "name": "Alcohol Tolerance",
      "value": "10% ABV"
    }
  },
  {
    "model": "products.productspecification",
    "pk": 44,
    "fields": {
      "product": 8,
      "name": "Flavor Profile",
      "value": "Balanced, slightly fruity, citrus & stone fruit"
    }
  },
  {
    "model": "products.productspecification",
    "pk": 45,
    "fields": {
      "product": 8,
      "name": "Cell Count",
      "value": "~200 Billion Cells"
    }
  },
  {
    "model": "products.productspecification",
    "pk": 46,
    "fields": {
      "product": 8,
      "name": "Recommended Beer Styles",
      "value": "APA, IPA, DIPA, Porter, Stout, Amber Ale"
    }
  },
  {
    "model": "products.productspecification",
    "pk": 300,
    "fields": {
      "product": 6,
      "name": "Origin",
      "value": "Czech Republic"
    }
  },
  {
    "model": "products.productspecification",
    "pk": 301,
    "fields": {
      "product": 6,
      "name": "Type",
      "value": "Aroma"
    }
  },
  {
    "model": "products.productspecification",
    "pk": 302,
    "fields": {
      "product": 6,
      "name": "Alpha Acids",
      "value": "2.0% – 5.0%"
    }
  },
  {
    "model": "products.productspecification",
    "pk": 303,
    "fields": {
      "product": 6,
      "name": "Beta Acids",
      "value": "4.5% – 8.0%"
    }
  },
  {
    "model": "products.productspecification",
    "pk": 304,
    "fields": {
      "product": 6,
      "name": "Aroma Profile",
      "value": "Earthy, spicy, floral"
    }
  },
  {
    "model": "products.productspecification",
    "pk": 305,
    "fields": {
      "product": 6,
      "name": "Cohumulone",
      "value": "23% – 28%"
    }
  },
  {
    "model": "products.productspecification",
    "pk": 306,
    "fields": {
      "product": 6,
      "name": "Total Oil",
      "value": "0.4 – 1.0 mL/100g"
    }
  },
  {
    "model": "products.productspecification",
    "pk": 307,
    "fields": {
      "product": 6,
      "name": "Recommended Beer Styles",
      "value": "Bohemian Pilsner, German Pilsner, Lagers, Belgian Ales"
    }
  },
  {
    "model": "products.productspecification",
    "pk": 30,
    "fields": {
      "product": 7,
      "name": "Origin",
      "value": "Germany / Belgium"
    }
  },
  {
    "model": "products.productspecification",
    "pk": 31,
    "fields": {
      "product": 7,
      "name": "Type",
      "value": "Base Malt"
    }
  },
  {
    "model": "products.productspecification",
    "pk": 32,
    "fields": {
      "product": 7,
      "name": "Color (°L)",
      "value": "1.5 – 2.1 °L"
    }
  },
  {
    "model": "products.productspecification",
    "pk": 33,
    "fields": {
      "product": 7,
      "name": "Moisture",
      "value": "4.5% max"
    }
  },
  {
    "model": "products.productspecification",
    "pk": 34,
    "fields": {
      "product": 7,
      "name": "Protein",
      "value": "10.0% – 11.5%"
    }
  },
  {
    "model": "products.productspecification",
    "pk": 35,
    "fields": {
      "product": 7,
      "name": "Diastatic Power",
      "value": "> 100 °Lintner"
    }
  },
  {
    "model": "products.productspecification",
    "pk": 36,
    "fields": {
      "product": 7,
      "name": "Flavor Profile",
      "value": "Clean, light, sweet, grainy"
    }
  },
  {
    "model": "products.productspecification",
    "pk": 37,
    "fields": {
      "product": 7,
      "name": "Usage",
      "value": "Up to 100% of grist"
    }
  },
  {
    "model": "products.productspecification",
    "pk": 38,
    "fields": {
      "product": 7,
      "name": "Recommended Beer Styles",
      "value": "Pilsner, Helles, Kolsch, Belgian Tripel, Saison"
    }
  },
  {
    "model": "products.productspecification",
    "pk": 39,
    "fields": {
      "product": 8,
      "name": "Strain Type",
      "value": "Ale"
    }
  },
  {
    "model": "products.productspecification",
    "pk": 40,
    "fields": {
      "product": 8,
      "name": "Flocculation",
      "value": "Medium"
    }
  },
  {
    "model": "products.productspecification",
    "pk": 41,
    "fields": {
      "product": 8,
      "name": "Attenuation",
      "value": "73–77%"
    }
  },
  {
    "model": "products.productspecification",
    "pk": 42,
    "fields": {
      "product": 8,
      "name": "Temperature Range",
      "value": "62–72°F (17–22°C)"
    }
  },
  {
    "model": "products.productspecification",
    "pk": 43,
    "fields": {
      "product": 8,
      "name": "Alcohol Tolerance",
      "value": "10% ABV"
    }
  },
  {
    "model": "products.productspecification",
    "pk": 44,
    "fields": {
      "product": 8,
      "name": "Flavor Profile",
      "value": "Balanced, slightly fruity, citrus & stone fruit"
    }
  },
  {
    "model": "products.productspecification",
    "pk": 45,
    "fields": {
      "product": 8,
      "name": "Cell Count",
      "value": "~200 Billion Cells"
    }
  },
  {
    "model": "products.productspecification",
    "pk": 46,
    "fields": {
      "product": 8,
      "name": "Recommended Beer Styles",
      "value": "APA, IPA, DIPA, Porter, Stout, Amber Ale"
    }
  },
  {
    "model": "products.productspecification",
    "pk": 200,
    "fields": {
      "product": 9,
      "name": "Origin",
      "value": "USA"
    }
  },
  {
    "model": "products.productspecification",
    "pk": 201,
    "fields": {
      "product": 9,
      "name": "Type",
      "value": "Dual-Purpose"
    }
  },
  {
    "model": "products.productspecification",
    "pk": 202,
    "fields": {
      "product": 9,
      "name": "Alpha Acids",
      "value": "9.0% – 11.5%"
    }
  },
  {
    "model": "products.productspecification",
    "pk": 203,
    "fields": {
      "product": 9,
      "name": "Beta Acids",
      "value": "3.5% – 4.5%"
    }
  },
  {
    "model": "products.productspecification",
    "pk": 204,
    "fields": {
      "product": 9,
      "name": "Aroma Profile",
      "value": "Floral, citrus (lemon, grapefruit)"
    }
  },
  {
    "model": "products.productspecification",
    "pk": 205,
    "fields": {
      "product": 9,
      "name": "Cohumulone",
      "value": "28% – 30%"
    }
  },
  {
    "model": "products.productspecification",
    "pk": 206,
    "fields": {
      "product": 9,
      "name": "Total Oil",
      "value": "1.5 – 2.5 mL/100g"
    }
  },
  {
    "model": "products.productspecification",
    "pk": 207,
    "fields": {
      "product": 9,
      "name": "Recommended Beer Styles",
      "value": "APA, IPA, DIPA, American Pale Ale"
    }
  },
  {
    "model": "products.productspecification",
    "pk": 47,
    "fields": {
      "product": 10,
      "name": "Origin",
      "value": "USA"
    }
  },
  {
    "model": "products.productspecification",
    "pk": 48,
    "fields": {
      "product": 10,
      "name": "Type",
      "value": "Dual-Purpose"
    }
  },
  {
    "model": "products.productspecification",
    "pk": 49,
    "fields": {
      "product": 10,
      "name": "Alpha Acids",
      "value": "11.5% – 13.5%"
    }
  },
  {
    "model": "products.productspecification",
    "pk": 50,
    "fields": {
      "product": 10,
      "name": "Beta Acids",
      "value": "3.2% – 3.9%"
    }
  },
  {
    "model": "products.productspecification",
    "pk": 51,
    "fields": {
      "product": 10,
      "name": "Aroma Profile",
      "value": "Tropical fruit (mango, guava), citrus, berry, stone fruit, pine, earthy"
    }
  },
  {
    "model": "products.productspecification",
    "pk": 52,
    "fields": {
      "product": 10,
      "name": "Cohumulone",
      "value": "24% – 26%"
    }
  },
  {
    "model": "products.productspecification",
    "pk": 53,
    "fields": {
      "product": 10,
      "name": "Total Oil",
      "value": "1.0 – 1.5 mL/100g"
    }
  },
  {
    "model": "products.productspecification",
    "pk": 54,
    "fields": {
      "product": 10,
      "name": "Recommended Beer Styles",
      "value": "IPA, DIPA, Hazy IPA, APA, Session IPA"
    }
  },
  {
    "model": "products.productspecification",
    "pk": 55,
    "fields": {
      "product": 11,
      "name": "Kit Type",
      "value": "All-Grain"
    }
  },
  {
    "model": "products.productspecification",
    "pk": 56,
    "fields": {
      "product": 11,
      "name": "Batch Size",
      "value": "5 Gallons (19 L)"
    }
  },
  {
    "model": "products.productspecification",
    "pk": 57,
    "fields": {
      "product": 11,
      "name": "Estimated OG",
      "value": "1.065"
    }
  },
  {
    "model": "products.productspecification",
    "pk": 58,
    "fields": {
      "product": 11,
      "name": "Estimated FG",
      "value": "1.012"
    }
  },
  {
    "model": "products.productspecification",
    "pk": 59,
    "fields": {
      "product": 11,
      "name": "Estimated ABV",
      "value": "6.9%"
    }
  },
  {
    "model": "products.productspecification",
    "pk": 60,
    "fields": {
      "product": 11,
      "name": "IBU",
      "value": "65"
    }
  },
  {
    "model": "products.productspecification",
    "pk": 61,
    "fields": {
      "product": 11,
      "name": "Included Ingredients",
      "value": "Maris Otter, Caramel 40L, Dextrin, Columbus, Simcoe, Centennial, US-05, Whirlfloc, Priming Sugar"
    }
  },
  {
    "model": "products.productspecification",
    "pk": 500,
    "fields": {
      "product": 12,
      "name": "Origin",
      "value": "Belgium / USA"
    }
  },
  {
    "model": "products.productspecification",
    "pk": 501,
    "fields": {
      "product": 12,
      "name": "Type",
      "value": "Unmalted Adjunct"
    }
  },
  {
    "model": "products.productspecification",
    "pk": 502,
    "fields": {
      "product": 12,
      "name": "Color (°L)",
      "value": "~2.0 °L"
    }
  },
  {
    "model": "products.productspecification",
    "pk": 503,
    "fields": {
      "product": 12,
      "name": "Moisture",
      "value": "12% max"
    }
  },
  {
    "model": "products.productspecification",
    "pk": 504,
    "fields": {
      "product": 12,
      "name": "Protein",
      "value": "High (contributes to haze & head retention)"
    }
  },
  {
    "model": "products.productspecification",
    "pk": 505,
    "fields": {
      "product": 12,
      "name": "Flavor Profile",
      "value": "Neutral, raw grain, bready"
    }
  },
  {
    "model": "products.productspecification",
    "pk": 506,
    "fields": {
      "product": 12,
      "name": "Usage",
      "value": "Typically 30–50% of grist; cereal mash required"
    }
  },
  {
    "model": "products.productspecification",
    "pk": 507,
    "fields": {
      "product": 12,
      "name": "Recommended Beer Styles",
      "value": "Witbier, Lambic, Saison"
    }
  }
]


